Thể loại,Nguồn nhập,
VĂN HỌC,,VĂN HỌC
Văn học đương đại,https://nhasachphuongnam.com/vi/van-hoc-duong-dai.html,VĂN HỌC
Văn học kinh điển – cổ điển,https://www.fahasa.com/sach-trong-nuoc/van-hoc-trong-nuoc/tac-pham-kinh-dien.html?order=num_orders&limit=24&p=1,VĂN HỌC
Văn học kinh điển – cổ điển,https://nhasachphuongnam.com/vi/van-hoc-kinh-dien-co-dien.html,VĂN HỌC
Văn học kinh điển – cổ điển,https://tiki.vn/tac-pham-kinh-dien/c842,VĂN HỌC
Văn học kinh điển – cổ điển,https://bookbuy.vn/sach/tac-pham-viet-nam-kinh-dien,VĂN HỌC
Văn học Mỹ,https://nhasachphuongnam.com/vi/van-hoc-my.html,VĂN HỌC
Vân học Anh,https://nhasachphuongnam.com/vi/van-hoc-anh.html,VĂN HỌC
Văn học Pháp,https://nhasachphuongnam.com/vi/van-hoc-phap.html,VĂN HỌC
Văn học Đức,https://nhasachphuongnam.com/vi/van-hoc-duc.html,VĂN HỌC
Văn học Nhật Bản,https://nhasachphuongnam.com/vi/van-hoc-nhat.html,VĂN HỌC
Văn học Nhật Bản,https://bookbuy.vn/van-hoc-nhat-ban,VĂN HỌC
Văn học Hàn Quốc,https://nhasachphuongnam.com/vi/van-hoc-han-quoc.html,VĂN HỌC
Văn học Trung Quốc,https://nhasachphuongnam.com/vi/van-hoc-trung-quoc.html,VĂN HỌC
Văn học Nga,https://nhasachphuongnam.com/vi/van-hoc-nga.html,VĂN HỌC
Văn học Nga,https://bookbuy.vn/van-hoc-nga,VĂN HỌC
Văn học các nước,https://nhasachphuongnam.com/vi/sach-van-hoc-nuoc-ngoai-khac.html,VĂN HỌC
Truyện ngắn - tản văn – tạp văn,https://tiki.vn/truyen-ngan-tan-van-tap-van/c845,VĂN HỌC
Truyện ngắn - tản văn – tạp văn,https://www.vinabook.com/c415/truyen-ngan-tan-van/,VĂN HỌC
Truyện ngắn - tản văn – tạp văn,https://bookbuy.vn/sach/vhvn-truyen-ngan,VĂN HỌC
Truyện ngắn - tản văn – tạp văn,https://www.fahasa.com/sach-trong-nuoc/van-hoc-trong-nuoc/truyen-ngan-tan-van.html?order=num_orders&limit=24&p=45,VĂN HỌC
Truyện ngắn - tản văn – tạp văn,https://www.vinabook.com/c426/truyen-ngan/,VĂN HỌC
Thơ - kịch,https://nhasachphuongnam.com/vi/tho-van.html,VĂN HỌC
Thơ - kịch,https://tiki.vn/tho/c446,VĂN HỌC
Thơ - kịch,https://www.vinabook.com/c421/tho-ca/,VĂN HỌC
Thơ - kịch,https://www.vinabook.com/c434/tho-ca-1/,VĂN HỌC
Thơ - kịch,https://bookbuy.vn/sach/vhvn-tho-ca,VĂN HỌC
Tự truyện - hồi ký – bút ký – tiểu sử - chân dung nhân vật,https://tiki.vn/tieu-su-hoi-ky/c843,VĂN HỌC
Tự truyện - hồi ký – bút ký – tiểu sử - chân dung nhân vật,https://nhasachphuongnam.com/vi/hoi-ky-but-ky-chan-dung-nhan-vat-2.html,VĂN HỌC
Tự truyện - hồi ký – bút ký – tiểu sử - chân dung nhân vật,https://bookbuy.vn/sach/vhvn-tieu-su-hoi-ky,VĂN HỌC
Tự truyện - hồi ký – bút ký – tiểu sử - chân dung nhân vật,https://www.vinabook.com/c661/tu-truyen-hoi-ky/,VĂN HỌC
Tự truyện - hồi ký – bút ký – tiểu sử - chân dung nhân vật,https://www.vinabook.com/c659/tu-truyen-hoi-ky-1/,VĂN HỌC
Phóng sự - Ký sự,https://tiki.vn/phong-su-ky-su/c5245,VĂN HỌC
Phóng sự - Ký sự,https://www.fahasa.com/sach-trong-nuoc/van-hoc-trong-nuoc/phong-su-ky-su-phe-binh-van-hoc.html?order=num_orders&limit=24&p=9,VĂN HỌC
Phóng sự - Ký sự,https://www.vinabook.com/c420/phong-su-ky-su/,VĂN HỌC
Phóng sự - Ký sự,https://www.vinabook.com/c431/phong-su-ky-su-1/,VĂN HỌC
Phóng sự - Ký sự,https://bookbuy.vn/sach/vhvn-phong-su-ky-su,VĂN HỌC
Lý luận – nghiên cứu – phê bình văn học,https://tiki.vn/phe-binh-ly-luan-van-hoc/c5244,VĂN HỌC
Lý luận – nghiên cứu – phê bình văn học,https://www.vinabook.com/c422/phe-binh-van-hoc/,VĂN HỌC
Lý luận – nghiên cứu – phê bình văn học,https://nhasachphuongnam.com/vi/ly-luan-nghien-cuu-phe-binh.html,VĂN HỌC
Lý luận – nghiên cứu – phê bình văn học,https://bookbuy.vn/sach/vhvn-phe-binh-van-hoc,VĂN HỌC
Lý luận – nghiên cứu – phê bình văn học,https://www.vinabook.com/c432/phe-binh-van-hoc-1/,VĂN HỌC
Ca dao – tục ngữ - thành ngữ - câu đố,https://www.fahasa.com/sach-trong-nuoc/van-hoc-trong-nuoc/tho-ca-tuc-ngu-ca-dao-thanh-ngu.html?order=num_orders&limit=24&p=1,VĂN HỌC
Ca dao – tục ngữ - thành ngữ - câu đố,https://nhasachphuongnam.com/vi/tuc-ngu-ca-dao-truyen-cuoi.html,VĂN HỌC
Ca dao – tục ngữ - thành ngữ - câu đố,https://bookbuy.vn/sach/vhvn-cau-do,VĂN HỌC
Truyện cười,https://tiki.vn/truyen-cuoi/c444,VĂN HỌC
Truyện cười,https://bookbuy.vn/sach/vhvn-truyen-cuoi,VĂN HỌC
Truyện cười,https://www.fahasa.com/sach-trong-nuoc/van-hoc-trong-nuoc/hai-huoc-truyen-cuoi.html?order=num_orders&limit=24&p=1,VĂN HỌC
Truyện lịch sử,https://nhasachphuongnam.com/vi/truyen-lich-su.html,VĂN HỌC
Truyện lịch sử,https://www.vinabook.com/c430/truyen-lich-su/,VĂN HỌC
Truyện kiếm hiệp,https://tiki.vn/kiem-hiep-vo-hiep/c639,VĂN HỌC
Truyện kiếm hiệp,https://www.vinabook.com/c428/truyen-kiem-hiep-phieu-luu/,VĂN HỌC
Truyện trinh thám,https://tiki.vn/trinh-tham/c664,VĂN HỌC
Truyện trinh thám,https://nhasachphuongnam.com/vi/truyen-trinh-tham-1.html,VĂN HỌC
Truyện trinh thám,https://www.vinabook.com/c427/truyen-trinh-tham-vu-an-1/,VĂN HỌC
Truyện viễn tưởng – phưu lưu – huyền bí ,https://tiki.vn/truyen-gia-tuong-huyen-bi-phieu-luu/c840,VĂN HỌC
Truyện viễn tưởng – phưu lưu – huyền bí ,https://www.vinabook.com/c418/truyen-gia-tuong-than-bi/,VĂN HỌC
Truyện viễn tưởng – phưu lưu – huyền bí ,https://www.fahasa.com/sach-trong-nuoc/van-hoc-trong-nuoc/huyen-bi-gia-tuong-kinh-di.html?order=num_orders&limit=24&p=1,VĂN HỌC
Truyện viễn tưởng – phưu lưu – huyền bí ,https://www.vinabook.com/c429/truyen-vien-tuong-kinh-di/,VĂN HỌC
Truyện kinh dị ,https://tiki.vn/truyen-kinh-di/c665,VĂN HỌC
Truyện kinh dị ,https://nhasachphuongnam.com/vi/truyen-kinh-di.html,VĂN HỌC
Light Novel,https://tiki.vn/light-novel/c7358,VĂN HỌC
Light Novel,https://www.fahasa.com/sach-trong-nuoc/van-hoc-trong-nuoc/light-novel.html?order=num_orders&limit=24&p=1,VĂN HỌC
Light Novel,https://nhasachphuongnam.com/vi/light-novel.html,VĂN HỌC
Truyện ngôn tình,https://tiki.vn/ngon-tinh/c1521,VĂN HỌC
Truyện ngôn tình,https://www.fahasa.com/sach-trong-nuoc/van-hoc-trong-nuoc/ngon-tinh.html?order=num_orders&limit=24&p=1,VĂN HỌC
Truyện ngôn tình,https://www.vinabook.com/c724/tieu-thuyet-ngon-tinh/,VĂN HỌC
Truyện đam mỹ,https://tiki.vn/truyen-dam-my/c1367,VĂN HỌC
,https://www.vinabook.com/c725/tieu-thuyet-dam-my/,VĂN HỌC
Tiểu thuyết - truyện dài,https://www.vinabook.com/c414/tieu-thuyet/,VĂN HỌC
Tiểu thuyết - truyện dài,https://www.fahasa.com/sach-trong-nuoc/van-hoc-trong-nuoc/tieu-thuyet.html?order=num_orders&limit=24&p=1,VĂN HỌC
Tiểu thuyết - truyện dài,https://bookbuy.vn/sach/vhvn-tieu-thuyet,VĂN HỌC
Tiểu thuyết - truyện dài,https://tiki.vn/tieu-thuyet/c844,VĂN HỌC
Tiểu thuyết - truyện dài,https://tiki.vn/truyen-dai/c6750,VĂN HỌC
Tiểu thuyết - truyện dài,https://www.vinabook.com/c419/tieu-thuyet-lich-su/,VĂN HỌC
Tiểu thuyết nước ngoài,https://www.vinabook.com/c425/tieu-thuyet-1/,VĂN HỌC
Du ký,https://www.fahasa.com/sach-trong-nuoc/van-hoc-trong-nuoc/du-ky.html?order=num_orders&limit=24&p=1,VĂN HỌC
Du ký,https://tiki.vn/du-ky/c4933,VĂN HỌC
Sách tranh - artbook,https://tiki.vn/sach-anh/c26902,VĂN HỌC
Sách tranh - artbook,https://www.fahasa.com/sach-trong-nuoc/van-hoc-trong-nuoc/sach-anh.html?order=num_orders&limit=24&p=1,VĂN HỌC
Sách tranh - artbook,https://bookbuy.vn/sach/sach-tranh-artbook,VĂN HỌC
Sách tranh - artbook,https://nhasachphuongnam.com/vi/sach-tranh-anh.html,VĂN HỌC
Văn học teen,https://www.fahasa.com/sach-trong-nuoc/van-hoc-trong-nuoc/tuoi-teen.html?order=num_orders&limit=24&p=1,VĂN HỌC
Tác giả - tác phẩm,https://www.fahasa.com/sach-trong-nuoc/van-hoc-trong-nuoc/tac-gia-tac-pham.html?order=num_orders&limit=24&p=1,VĂN HỌC
Tác giả - tác phẩm,https://www.vinabook.com/c433/sach-ve-nhan-vat-van-hoc/,VĂN HỌC
Chuyển thể thành phim,https://bookbuy.vn/sach-chuyen-the-thanh-phim,VĂN HỌC
SÁCH KINH TẾ,,SÁCH KINH TẾ
Khởi nghiệp ,https://www.vinabook.com/c868/khoi-nghiep/,SÁCH KINH TẾ
Khởi nghiệp ,https://tiki.vn/sach-khoi-nghiep/c372,SÁCH KINH TẾ
Khởi nghiệp ,https://www.fahasa.com/sach-trong-nuoc/kinh-te-chinh-tri-phap-ly/khoi-nghiep-lam-giau.html?order=num_orders&limit=24&p=1,SÁCH KINH TẾ
Khởi nghiệp ,https://nhasachphuongnam.com/vi/khoi-nghiep-lam-giau.html,SÁCH KINH TẾ
Khởi nghiệp ,https://bookbuy.vn/sach/sach-startup-lam-giau,SÁCH KINH TẾ
Quản trị kinh doanh,https://nhasachphuongnam.com/vi/quan-tri-kinh-doanh.html,SÁCH KINH TẾ
Quản trị kinh doanh,https://bookbuy.vn/sach/sach-quan-tri-kinh-doanh,SÁCH KINH TẾ
Marketing - Bán hàng,https://tiki.vn/sach-marketing-ban-hang/c848,SÁCH KINH TẾ
Marketing - Bán hàng,https://www.vinabook.com/c380/marketing-ban-hang/,SÁCH KINH TẾ
Marketing - Bán hàng,https://www.fahasa.com/sach-trong-nuoc/kinh-te-chinh-tri-phap-ly/marketing-ban-hang.html?order=num_orders&limit=24&p=1,SÁCH KINH TẾ
Marketing - Bán hàng,https://nhasachphuongnam.com/vi/marketing-ban-hang.html,SÁCH KINH TẾ
Marketing - Bán hàng,https://bookbuy.vn/sach/sach-marketing,SÁCH KINH TẾ
Marketing - Bán hàng,https://bookbuy.vn/sach/sach-ky-nang-ban-hang,SÁCH KINH TẾ
Lãnh đạo - Quản trị,https://www.vinabook.com/c379/quan-tri-lanh-dao/,SÁCH KINH TẾ
Lãnh đạo - Quản trị,https://tiki.vn/sach-quan-tri-lanh-dao/c849,SÁCH KINH TẾ
Lãnh đạo - Quản trị,https://www.fahasa.com/sach-trong-nuoc/kinh-te-chinh-tri-phap-ly/quan-tri-lanh-dao.html?order=num_orders&limit=24&p=1,SÁCH KINH TẾ
Lãnh đạo - Quản trị,https://nhasachphuongnam.com/vi/quan-tri-nhan-su-tuyen-dung.html,SÁCH KINH TẾ
Lãnh đạo - Quản trị,https://bookbuy.vn/sach/sach-ky-nang-quan-ly,SÁCH KINH TẾ
Nhân sự - Việc làm,https://www.vinabook.com/c385/nhan-su-viec-lam/,SÁCH KINH TẾ
Nhân sự - Việc làm,https://tiki.vn/sach-quan-tri-nhan-luc/c4144,SÁCH KINH TẾ
Nhân sự - Việc làm,https://www.fahasa.com/sach-trong-nuoc/kinh-te-chinh-tri-phap-ly/nhan-su-viec-lam.html?order=num_orders&limit=24&p=1,SÁCH KINH TẾ
Nhân sự - Việc làm,https://bookbuy.vn/sach/sach-nhan-su-viec-lam,SÁCH KINH TẾ
Ngoại thương,https://www.vinabook.com/c383/ngoai-thuong/,SÁCH KINH TẾ
Ngoại thương,https://nhasachphuongnam.com/vi/ngoai-thuong.html,SÁCH KINH TẾ
Kinh tế học,https://tiki.vn/sach-kinh-te-hoc/c593,SÁCH KINH TẾ
Kinh tế học,https://www.fahasa.com/sach-trong-nuoc/kinh-te-chinh-tri-phap-ly/phan-tich-kinh-te.html?order=num_orders&limit=24&p=1,SÁCH KINH TẾ
Phân tích - Môi trường kinh tế,https://www.vinabook.com/c463/phan-tich-moi-truong-kinh-te/,SÁCH KINH TẾ
Phân tích - Môi trường kinh tế,https://nhasachphuongnam.com/vi/kinh-te-hoc-1.html,SÁCH KINH TẾ
Tài chính - Tiền tệ - Ngân hàng,https://www.vinabook.com/c382/tai-chinh-tien-te/,SÁCH KINH TẾ
Tài chính - Tiền tệ - Ngân hàng,https://tiki.vn/sach-tai-chinh-tien-te/c5246,SÁCH KINH TẾ
Tài chính - Tiền tệ - Ngân hàng,https://www.fahasa.com/sach-trong-nuoc/kinh-te-chinh-tri-phap-ly/tai-chinh-ngan-hang.html?order=num_orders&limit=24&p=1,SÁCH KINH TẾ
Tài chính - Tiền tệ - Ngân hàng,https://nhasachphuongnam.com/vi/ngan-hang-tai-chinh-ke-toan.html,SÁCH KINH TẾ
Tài chính - Tiền tệ - Ngân hàng,https://bookbuy.vn/sach/sach-tai-chinh-tien-te,SÁCH KINH TẾ
Đầu tư - chứng khoán – bất động sản,https://www.vinabook.com/c384/dau-tu-chung-khoan/,SÁCH KINH TẾ
Đầu tư - chứng khoán – bất động sản,https://www.fahasa.com/sach-trong-nuoc/kinh-te-chinh-tri-phap-ly/chung-khoan-bat-dong-san-dau-tu.html?order=num_orders&limit=24&p=1,SÁCH KINH TẾ
Đầu tư - chứng khoán – bất động sản,https://nhasachphuongnam.com/vi/bat-dong-san-chung-khoan-dau-tu.html,SÁCH KINH TẾ
Đầu tư - chứng khoán – bất động sản,https://bookbuy.vn/sach/sach-chung-khoan-dau-tu-bds,SÁCH KINH TẾ
Kế toán – Kiểm toán – Thuế,https://www.vinabook.com/c381/tai-chinh-ke-toan/,SÁCH KINH TẾ
Kế toán – Kiểm toán – Thuế,https://tiki.vn/sach-tai-chinh-ke-toan/c369,SÁCH KINH TẾ
Kế toán – Kiểm toán – Thuế,https://www.fahasa.com/sach-trong-nuoc/kinh-te-chinh-tri-phap-ly/ke-toan-kiem-toan-thue.html?order=num_orders&limit=24&p=1,SÁCH KINH TẾ
Kế toán – Kiểm toán – Thuế,https://bookbuy.vn/sach/sach-ke-toan,SÁCH KINH TẾ
Tiền ảo - blockchain ,https://www.vinabook.com/c878/sach-blockchain/,SÁCH KINH TẾ
Kiến thức kinh tế tổng hợp,https://bookbuy.vn/sach/hieu-ve-kinh-te,SÁCH KINH TẾ
SÁCH KỸ NĂNG,,SÁCH KỸ NĂNG
Kỹ năng làm việc ,https://tiki.vn/sach-ky-nang-lam-viec/c385,SÁCH KỸ NĂNG
Kỹ năng làm việc ,https://nhasachphuongnam.com/vi/ky-nang-cong-viec.html,SÁCH KỸ NĂNG
Kỹ năng mềm,https://bookbuy.vn/sach/sach-ky-nang-mem,SÁCH KỸ NĂNG
Nhân vật - bài học kinh doanh,https://www.vinabook.com/c387/nhan-vat-bai-hoc-kinh-doanh/,SÁCH KỸ NĂNG
Nhân vật - bài học kinh doanh,https://tiki.vn/bai-hoc-kinh-doanh/c847,SÁCH KỸ NĂNG
Nhân vật - bài học kinh doanh,https://tiki.vn/sach-doanh-nhan/c483,SÁCH KỸ NĂNG
Nhân vật - bài học kinh doanh,https://www.fahasa.com/sach-trong-nuoc/kinh-te-chinh-tri-phap-ly/nhan-vat-bai-hoc-kinh-doanh.html?order=num_orders&limit=24&p=1,SÁCH KỸ NĂNG
Nhân vật - bài học kinh doanh,https://nhasachphuongnam.com/vi/nhan-vat-bai-hoc-kinh-doanh.html,SÁCH KỸ NĂNG
Nhân vật - bài học kinh doanh,https://bookbuy.vn/sach/sach-nhan-vat-bai-hoc-kinh-doanh,SÁCH KỸ NĂNG
Kỹ năng – nghệ thuật sống ,https://tiki.vn/sach-ky-nang-song/c871,SÁCH KỸ NĂNG
Kỹ năng – nghệ thuật sống ,https://tiki.vn/sach-nghe-thuat-song-dep/c872,SÁCH KỸ NĂNG
Kỹ năng – nghệ thuật sống ,https://www.vinabook.com/c519/sach-hoc-lam-nguoi/,SÁCH KỸ NĂNG
Kỹ năng – nghệ thuật sống ,https://www.fahasa.com/sach-trong-nuoc/tam-ly-ky-nang-song/ky-nang-song.html?order=num_orders&limit=24&p=1,SÁCH KỸ NĂNG
Kỹ năng – nghệ thuật sống ,https://www.fahasa.com/sach-trong-nuoc/tam-ly-ky-nang-song/ren-luyen-nhan-cach.html?order=num_orders&limit=24&p=1,SÁCH KỸ NĂNG
Kỹ năng – nghệ thuật sống ,https://www.fahasa.com/sach-trong-nuoc/tam-ly-ky-nang-song/chicken-soup-hat-giong-tam-hon.html?order=num_orders&limit=24&p=1,SÁCH KỸ NĂNG
Kỹ năng – nghệ thuật sống ,https://nhasachphuongnam.com/vi/ky-nang-song-1.html,SÁCH KỸ NĂNG
Kỹ năng – nghệ thuật sống ,https://nhasachphuongnam.com/vi/song-dep.html,SÁCH KỸ NĂNG
Kỹ năng – nghệ thuật sống ,https://bookbuy.vn/sach/sach-song-dep,SÁCH KỸ NĂNG
Trí tuệ người Do thái,https://bookbuy.vn/tri-tue-nguoi-do-thai,SÁCH KỸ NĂNG
Tâm lý - Giới tính,https://www.fahasa.com/sach-trong-nuoc/tam-ly-ky-nang-song/sach-cho-tuoi-moi-lon.html?order=num_orders&limit=24&p=1,SÁCH KỸ NĂNG
Tâm lý - Giới tính,https://tiki.vn/tam-ly-gioi-tinh/c868,SÁCH KỸ NĂNG
Tâm lý - Giới tính,https://www.vinabook.com/c512/tinh-yeu/,SÁCH KỸ NĂNG
Tâm lý - Giới tính,https://www.vinabook.com/c372/sach-tam-ly-gioi-tinh/,SÁCH KỸ NĂNG
Tâm lý - Giới tính,https://www.fahasa.com/sach-trong-nuoc/tam-ly-ky-nang-song/tam-ly.html?order=num_orders&limit=24&p=1,SÁCH KỸ NĂNG
Phụ nữ - Làm đẹp ,https://tiki.vn/sach-lam-dep/c4902,SÁCH KỸ NĂNG
Phụ nữ - Làm đẹp ,https://www.vinabook.com/c520/bi-quyet-lam-dep/,SÁCH KỸ NĂNG
Phụ nữ - Làm đẹp ,https://www.fahasa.com/sach-trong-nuoc/nu-cong-gia-chanh/lam-dep.html?order=num_orders&limit=24&p=1,SÁCH KỸ NĂNG
Phụ nữ - Làm đẹp ,https://nhasachphuongnam.com/vi/lam-dep.html,SÁCH KỸ NĂNG
Phụ nữ - Làm đẹp ,https://bookbuy.vn/sach/sach-suc-khoe-lam-dep,SÁCH KỸ NĂNG
Nấu ăn,https://tiki.vn/sach-day-nau-an/c865,SÁCH KỸ NĂNG
Nấu ăn,https://www.vinabook.com/c521/sach-nau-an/,SÁCH KỸ NĂNG
Nấu ăn,https://www.fahasa.com/sach-trong-nuoc/nu-cong-gia-chanh/nau-an.html?order=num_orders&limit=24&p=1,SÁCH KỸ NĂNG
Nấu ăn,https://bookbuy.vn/sach/sach-day-nau-an,SÁCH KỸ NĂNG
Khéo tay,https://www.fahasa.com/sach-trong-nuoc/nu-cong-gia-chanh/kheo-tay.html?order=num_orders&limit=24&p=1,SÁCH KỸ NĂNG
Khéo tay,https://bookbuy.vn/sach/sach-thu-cong-thuong-thuc,SÁCH KỸ NĂNG
Món ăn bài thuốc,https://www.fahasa.com/sach-trong-nuoc/nu-cong-gia-chanh/mon-an-bai-thuoc.html?order=num_orders&limit=24&p=1,SÁCH KỸ NĂNG
Mẹo vặt – cẩm nang,https://www.fahasa.com/sach-trong-nuoc/nu-cong-gia-chanh/meo-vat-cam-nang.html?order=num_orders&limit=24&p=1,SÁCH KỸ NĂNG
Mẹo vặt – cẩm nang,https://nhasachphuongnam.com/vi/nu-cong-gia-chanh.html,SÁCH KỸ NĂNG
HỌC NGÔN NGỮ,,HỌC NGÔN NGỮ
Tiếng Việt,https://www.fahasa.com/sach-trong-nuoc/sach-hoc-ngoai-ngu/tieng-viet-cho-nguoi-nuoc-ngoai.html?order=num_orders&limit=24&p=1,HỌC NGÔN NGỮ
Tiếng Anh ,,HỌC NGÔN NGỮ
Ngữ pháp ,https://www.fahasa.com/sach-trong-nuoc/sach-hoc-ngoai-ngu/tieng-anh/ngu-phap.html?order=num_orders&limit=24&p=1,HỌC NGÔN NGỮ
Giao tiếp – hội thoại,https://www.fahasa.com/sach-trong-nuoc/sach-hoc-ngoai-ngu/tieng-anh/dam-thoai-giao-tiep.html?order=num_orders&limit=24&p=1,HỌC NGÔN NGỮ
Luyện nghe,https://www.fahasa.com/sach-trong-nuoc/sach-hoc-ngoai-ngu/tieng-anh/luyen-nghe.html?order=num_orders&limit=24&p=1,HỌC NGÔN NGỮ
Từ vựng,https://www.fahasa.com/sach-trong-nuoc/sach-hoc-ngoai-ngu/tieng-anh/tu-vung.html?order=num_orders&limit=24&p=1,HỌC NGÔN NGỮ
Luyện thi IELTS,https://www.fahasa.com/sach-trong-nuoc/sach-hoc-ngoai-ngu/tieng-anh/luyen-thi-ielts.html?order=num_orders&limit=24&p=1,HỌC NGÔN NGỮ
Luyện thi TOEIC,https://www.fahasa.com/sach-trong-nuoc/sach-hoc-ngoai-ngu/tieng-anh/luyen-thi-toeic.html?order=num_orders&limit=24&p=1,HỌC NGÔN NGỮ
Luyện thi TOEFL,https://www.fahasa.com/sach-trong-nuoc/sach-hoc-ngoai-ngu/tieng-anh/luyen-thi-toefl.html?order=num_orders&limit=24&p=1,HỌC NGÔN NGỮ
"Luyện thi Chứng chỉ A, B, C",https://www.fahasa.com/sach-trong-nuoc/sach-hoc-ngoai-ngu/tieng-anh/luyen-thi-chung-chi-a-b-c.html?order=num_orders&limit=24&p=1,HỌC NGÔN NGỮ
Sách Tiếng Anh tổng hợp,https://nhasachphuongnam.com/vi/tieng-anh-giao-trinh.html,HỌC NGÔN NGỮ
Sách Tiếng Anh tổng hợp,https://nhasachphuongnam.com/vi/tieng-anh-van-pham.html,HỌC NGÔN NGỮ
Sách Tiếng Anh tổng hợp,https://bookbuy.vn/sach/sach--tieng-anh,HỌC NGÔN NGỮ
Tiếng Trung,https://www.fahasa.com/sach-trong-nuoc/sach-hoc-ngoai-ngu/tieng-hoa.html?order=num_orders&limit=24&p=1,HỌC NGÔN NGỮ
Tiếng Trung,https://www.vinabook.com/c412/tieng-hoa/,HỌC NGÔN NGỮ
Tiếng Trung,https://nhasachphuongnam.com/vi/tieng-trung.html,HỌC NGÔN NGỮ
Tiếng Trung,https://bookbuy.vn/sach/sach--tieng-hoa,HỌC NGÔN NGỮ
Tiếng Pháp ,https://www.fahasa.com/sach-trong-nuoc/sach-hoc-ngoai-ngu/tieng-phap.html?order=num_orders&limit=24&p=1,HỌC NGÔN NGỮ
Tiếng Pháp ,https://www.vinabook.com/c411/tieng-phap/,HỌC NGÔN NGỮ
Tiếng Pháp ,https://nhasachphuongnam.com/vi/tieng-phap.html,HỌC NGÔN NGỮ
Tiếng Pháp ,https://bookbuy.vn/sach/sach--tieng-phap,HỌC NGÔN NGỮ
Tiếng Hàn ,https://www.fahasa.com/sach-trong-nuoc/sach-hoc-ngoai-ngu/tieng-han.html?order=num_orders&limit=24&p=1,HỌC NGÔN NGỮ
Tiếng Hàn ,https://tiki.vn/sach-hoc-tieng-han/c1526,HỌC NGÔN NGỮ
Tiếng Hàn ,https://nhasachphuongnam.com/vi/tieng-han.html,HỌC NGÔN NGỮ
Tiếng Nhật ,https://www.fahasa.com/sach-trong-nuoc/sach-hoc-ngoai-ngu/tieng-nhat.html?order=num_orders&limit=24&p=1,HỌC NGÔN NGỮ
Tiếng Nhật ,https://tiki.vn/sach-hoc-tieng-nhat/c1524,HỌC NGÔN NGỮ
Tiếng Nhật ,https://www.vinabook.com/c413/tieng-nhat-1/,HỌC NGÔN NGỮ
Tiếng Nhật ,https://nhasachphuongnam.com/vi/tieng-nhat.html,HỌC NGÔN NGỮ
Tiếng Nhật ,https://bookbuy.vn/sach/sach-tieng-nhat,HỌC NGÔN NGỮ
Tiếng Đức ,https://www.fahasa.com/sach-trong-nuoc/sach-hoc-ngoai-ngu/tieng-duc.html?order=num_orders&limit=24&p=1,HỌC NGÔN NGỮ
Ngoại ngữ khác,https://www.fahasa.com/sach-trong-nuoc/sach-hoc-ngoai-ngu/ngoai-ngu-khac.html?order=num_orders&limit=24&p=1,HỌC NGÔN NGỮ
Ngoại ngữ khác,https://bookbuy.vn/sach/sach-ngoai-ngu-khac,HỌC NGÔN NGỮ
TỪ ĐIỂN,,TỪ ĐIỂN
Tiếng Việt,https://tiki.vn/tu-dien-tieng-viet/c903,TỪ ĐIỂN
Tiếng Việt,https://bookbuy.vn/sach/tu-dien-tieng-viet,TỪ ĐIỂN
Tiếng Việt,https://www.vinabook.com/c408/tieng-viet-1/,TỪ ĐIỂN
Tiếng Việt,https://nhasachphuongnam.com/vi/tieng-viet.html,TỪ ĐIỂN
Tiếng Việt,https://www.fahasa.com/sach-trong-nuoc/tu-dien/tu-dien-tieng-viet.html?order=num_orders&limit=24&p=1,TỪ ĐIỂN
Tiếng Anh,https://tiki.vn/tu-dien-tieng-anh/c898,TỪ ĐIỂN
Tiếng Anh,https://bookbuy.vn/sach/tu-dien-tieng-anh,TỪ ĐIỂN
Tiếng Anh,https://www.vinabook.com/c404/tieng-anh-2-2/,TỪ ĐIỂN
Tiếng Anh,https://nhasachphuongnam.com/vi/tieng-anh.html,TỪ ĐIỂN
Tiếng Anh,https://www.fahasa.com/sach-trong-nuoc/tu-dien/tu-dien-tieng-anh-anh-anh-viet-viet-anh.html?order=num_orders&limit=24&p=1,TỪ ĐIỂN
Tiếng Anh,https://www.fahasa.com/sach-trong-nuoc/tu-dien/tu-dien-tieng-anh-anh-anh-viet-viet-anh.html?order=num_orders&limit=24&p=1,TỪ ĐIỂN
Tiếng Trung,https://tiki.vn/tu-dien-tieng-trung/c900,TỪ ĐIỂN
Tiếng Trung,https://www.fahasa.com/sach-trong-nuoc/tu-dien/tu-dien-han-viet.html?order=num_orders&limit=24&p=1,TỪ ĐIỂN
Tiếng Trung,https://bookbuy.vn/sach/tu-dien-tieng-hoa,TỪ ĐIỂN
Tiếng Trung,https://www.vinabook.com/c406/tieng-hoa-1/,TỪ ĐIỂN
Tiếng Trung,https://nhasachphuongnam.com/vi/tieng-hoa-1.html,TỪ ĐIỂN
Tiếng Pháp ,https://tiki.vn/tu-dien-tieng-phap/c902,TỪ ĐIỂN
Tiếng Pháp ,https://bookbuy.vn/sach/tu-dien-tieng-phap,TỪ ĐIỂN
Tiếng Pháp ,https://www.fahasa.com/sach-trong-nuoc/tu-dien/tu-dien-tieng-phap-viet-viet-phap.html?order=num_orders&limit=24&p=1,TỪ ĐIỂN
Tiếng Pháp ,https://nhasachphuongnam.com/vi/tieng-phap-1.html,TỪ ĐIỂN
Tiếng Pháp ,https://www.vinabook.com/c405/tieng-phap-1/,TỪ ĐIỂN
Tiếng Nhật,https://tiki.vn/tu-dien-tieng-nhat/c901,TỪ ĐIỂN
Tiếng Nhật,https://www.fahasa.com/sach-trong-nuoc/tu-dien/tu-dien-tieng-nhat-viet-viet-nhat.html?order=num_orders&limit=24&p=1,TỪ ĐIỂN
Tiếng Nhật,https://bookbuy.vn/sach/tu-dien-tieng-nhat,TỪ ĐIỂN
Tiếng Nhật,https://nhasachphuongnam.com/vi/tieng-nhat-1.html,TỪ ĐIỂN
Tiếng Nhật,https://www.vinabook.com/c407/tieng-nhat-2-2/,TỪ ĐIỂN
Tiếng Hàn,https://tiki.vn/tu-dien-tieng-han/c899,TỪ ĐIỂN
Tiếng Hàn,https://www.fahasa.com/sach-trong-nuoc/tu-dien/tu-dien-tieng-han-viet-viet-han.html?order=num_orders&limit=24&p=1,TỪ ĐIỂN
Nhiều ngôn ngữ,https://tiki.vn/tu-dien-ngon-ngu-khac/c904,TỪ ĐIỂN
Nhiều ngôn ngữ,https://nhasachphuongnam.com/vi/tu-dien-khac.html,TỪ ĐIỂN
Nhiều ngôn ngữ,https://bookbuy.vn/sach/tu-dien-khac,TỪ ĐIỂN
Nhiều ngôn ngữ,https://www.fahasa.com/sach-trong-nuoc/tu-dien/tu-dien-tieng-duc-viet-viet-duc.html?order=num_orders&limit=24&p=1,TỪ ĐIỂN
Nhiều ngôn ngữ,https://www.vinabook.com/c409/ngon-ngu-khac/,TỪ ĐIỂN
Nhiều ngôn ngữ,https://www.fahasa.com/sach-trong-nuoc/tu-dien/tu-dien-khac.html?order=num_orders&limit=24&p=1,TỪ ĐIỂN
Chuyên ngành,https://www.vinabook.com/c502/tu-dien-chuyen-nganh/,TỪ ĐIỂN
Chuyên ngành,https://www.fahasa.com/sach-trong-nuoc/tu-dien/tu-dien-chuyen-nganh.html?order=num_orders&limit=24&p=1,TỪ ĐIỂN
Chuyên ngành,https://nhasachphuongnam.com/vi/tu-dien-chuyen-nganh.html,TỪ ĐIỂN
SÁCH GIÁO KHOA,,SÁCH GIÁO KHOA
Cấp 1,https://tiki.vn/sach-giao-khoa-cap-1/c16660,SÁCH GIÁO KHOA
Cấp 2,https://tiki.vn/sach-giao-khoa-cap-2/c16662,SÁCH GIÁO KHOA
Cấp 3,https://tiki.vn/sach-giao-khoa-cap-3/c16664,SÁCH GIÁO KHOA
SÁCH GIÁO TRÌNH,,SÁCH GIÁO TRÌNH
Đại học – cao đẳng – thcn,https://tiki.vn/gia-trinh-dai-hoc-cao-dang/c6991,SÁCH GIÁO TRÌNH
Đại học – cao đẳng – thcn,https://www.vinabook.com/c455/dai-hoc/,SÁCH GIÁO TRÌNH
Đại học – cao đẳng – thcn,https://www.fahasa.com/sach-trong-nuoc/giao-khoa-tham-khao/dai-hoc.html?order=num_orders&limit=24&p=1,SÁCH GIÁO TRÌNH
Đại học – cao đẳng – thcn,https://www.fahasa.com/sach-trong-nuoc/giao-trinh/giao-trinh-dh-cd-thcn.html?order=num_orders&limit=24&p=1,SÁCH GIÁO TRÌNH
Đại học – cao đẳng – thcn,https://nhasachphuongnam.com/vi/giao-trinh.html,SÁCH GIÁO TRÌNH
Dạy – Học nghề,https://www.fahasa.com/sach-trong-nuoc/giao-trinh/day-nghe.html?order=num_orders&limit=24&p=1,SÁCH GIÁO TRÌNH
Dạy – Học nghề,https://www.vinabook.com/c524/sach-hoc-nghe/,SÁCH GIÁO TRÌNH
SÁCH THAM KHẢO,,SÁCH THAM KHẢO
Mầm non,https://www.fahasa.com/sach-trong-nuoc/giao-khoa-tham-khao/mau-giao.html?order=num_orders&limit=24&p=1,SÁCH THAM KHẢO
Mầm non,https://bookbuy.vn/sach/vui-vao-lop-1,SÁCH THAM KHẢO
Lớp 1,https://www.fahasa.com/sach-trong-nuoc/giao-khoa-tham-khao/lop-2/tham-khao-lop-1.html?order=num_orders&limit=24&p=1,SÁCH THAM KHẢO
Lớp 2,https://www.fahasa.com/sach-trong-nuoc/giao-khoa-tham-khao/lop-2/tham-khao-lop-2.html?order=num_orders&limit=24&p=1,SÁCH THAM KHẢO
Lớp 3,https://www.fahasa.com/sach-trong-nuoc/giao-khoa-tham-khao/lop-2/tham-khao-lop-3.html?order=num_orders&limit=24&p=1,SÁCH THAM KHẢO
Lớp 4,https://www.fahasa.com/sach-trong-nuoc/giao-khoa-tham-khao/lop-2/tham-khao-lop-4.html?order=num_orders&limit=24&p=1,SÁCH THAM KHẢO
Lớp 5,https://bookbuy.vn/sach/lop-4-tham-khao,SÁCH THAM KHẢO
Lớp 5,https://www.fahasa.com/sach-trong-nuoc/giao-khoa-tham-khao/lop-2/tham-khao-lop-5.html?order=num_orders&limit=24&p=1,SÁCH THAM KHẢO
Lớp 6,https://www.fahasa.com/sach-trong-nuoc/giao-khoa-tham-khao/lop-2/giao-khoa-lop-6.html?order=num_orders&limit=24&p=1,SÁCH THAM KHẢO
Lớp 7,https://bookbuy.vn/sach/lop-6-tham-khao,SÁCH THAM KHẢO
Lớp 7,https://www.fahasa.com/sach-trong-nuoc/giao-khoa-tham-khao/lop-2/tham-khao-lop-7.html?order=num_orders&limit=24&p=1,SÁCH THAM KHẢO
Lớp 8,https://bookbuy.vn/sach/lop-7-tham-khao,SÁCH THAM KHẢO
Lớp 8,https://www.fahasa.com/sach-trong-nuoc/giao-khoa-tham-khao/lop-2/tham-khao-lop-8.html?order=num_orders&limit=24&p=1,SÁCH THAM KHẢO
Lớp 9,https://bookbuy.vn/sach/lop-8-tham-khao,SÁCH THAM KHẢO
Lớp 9,https://www.fahasa.com/sach-trong-nuoc/giao-khoa-tham-khao/lop-2/tham-khao-lop-9.html?order=num_orders&limit=24&p=1,SÁCH THAM KHẢO
Lớp 10,https://bookbuy.vn/sach/lop-9-tham-khao,SÁCH THAM KHẢO
Lớp 09,https://www.fahasa.com/sach-trong-nuoc/giao-khoa-tham-khao/lop-2/tham-khao-lop-10.html?order=num_orders&limit=24&p=1,SÁCH THAM KHẢO
Lớp 10,https://bookbuy.vn/sach/lop-10-tham-khao,SÁCH THAM KHẢO
Lớp 11,https://www.fahasa.com/sach-trong-nuoc/giao-khoa-tham-khao/lop-2/tham-khao-lop-11.html?order=num_orders&limit=24&p=1,SÁCH THAM KHẢO
Lớp 12,https://bookbuy.vn/sach/lop-11-tham-khao,SÁCH THAM KHẢO
Lớp 12,https://www.fahasa.com/sach-trong-nuoc/giao-khoa-tham-khao/lop-2/tham-khao-lop-12.html?order=num_orders&limit=24&p=1,SÁCH THAM KHẢO
Lớp 12,https://bookbuy.vn/sach/sach-luyen-thi-dai-hoc,SÁCH THAM KHẢO
Chuyên đề,https://tiki.vn/sach-chuyen-de/c18372,SÁCH THAM KHẢO
Ôn thi THPT quốc gia,https://tiki.vn/sach-luyen-thi-dai-hoc-cao-dang/c7971,SÁCH THAM KHẢO
Sách giáo viên,https://www.fahasa.com/sach-trong-nuoc/giao-khoa-tham-khao/sach-giao-vien.html?order=num_orders&limit=24&p=1,SÁCH THAM KHẢO
CHĂM SÓC GIA ĐÌNH,,CHĂM SÓC GIA ĐÌNH
Hạnh phúc gia đình,https://www.vinabook.com/c513/hanh-phuc-gia-dinh/,CHĂM SÓC GIA ĐÌNH
Hạnh phúc gia đình,https://nhasachphuongnam.com/vi/hanh-phuc-gia-dinh.html,CHĂM SÓC GIA ĐÌNH
Hạnh phúc gia đình,https://bookbuy.vn/sach/sach-hon-nhan-gia-dinh,CHĂM SÓC GIA ĐÌNH
Chăm sóc sức khỏe ,https://tiki.vn/cham-soc-suc-khoe/c863,CHĂM SÓC GIA ĐÌNH
Chăm sóc sức khỏe ,https://bookbuy.vn/sach/sach-suc-khoe,CHĂM SÓC GIA ĐÌNH
Chăm sóc sức khỏe ,https://bookbuy.vn/sach/sach-suc-khoe,CHĂM SÓC GIA ĐÌNH
Cẩm nang làm cha mẹ,https://tiki.vn/sach-lam-cha-me/c3320,CHĂM SÓC GIA ĐÌNH
Cẩm nang làm cha mẹ,https://www.fahasa.com/sach-trong-nuoc/nuoi-day-con/cam-nang-lam-cha-me.html?order=num_orders&limit=24&p=1,CHĂM SÓC GIA ĐÌNH
Cẩm nang làm cha mẹ,https://nhasachphuongnam.com/vi/nuoi-day-con.html,CHĂM SÓC GIA ĐÌNH
Cẩm nang làm cha mẹ,https://bookbuy.vn/sach/sach-tam-ly-gioi-tinh,CHĂM SÓC GIA ĐÌNH
Cẩm nang làm cha mẹ,https://bookbuy.vn/sach/sach-nuoi-day-tre,CHĂM SÓC GIA ĐÌNH
Phương pháp giáo dục trẻ các nước,https://www.fahasa.com/sach-trong-nuoc/nuoi-day-con/phuong-phap-giao-duc-cac-nuoc.html?order=num_orders&limit=24&p=1,CHĂM SÓC GIA ĐÌNH
Phát triển kỹ năng – trí tuệ cho trẻ,https://tiki.vn/sach-ky-nang-cho-be/c3271,CHĂM SÓC GIA ĐÌNH
Phát triển kỹ năng – trí tuệ cho trẻ,https://www.fahasa.com/sach-trong-nuoc/nuoi-day-con/phat-trien-ky-nang-tri-tue-cho-tre.html?order=num_orders&limit=24&p=1,CHĂM SÓC GIA ĐÌNH
Giáo dục trẻ tuổi dậy thì,https://www.fahasa.com/sach-trong-nuoc/nuoi-day-con/giao-duc-tre-tuoi-teen.html?order=num_orders&limit=24&p=1,CHĂM SÓC GIA ĐÌNH
Sức khỏe dinh dưỡng cho trẻ,https://www.fahasa.com/sach-trong-nuoc/nuoi-day-con/dinh-duong-suc-khoe-cho-tre.html?order=num_orders&limit=24&p=1,CHĂM SÓC GIA ĐÌNH
Sức khỏe dinh dưỡng cho trẻ,https://tiki.vn/sach-dinh-duong-suc-khoe-cho-be/c3272,CHĂM SÓC GIA ĐÌNH
Sức khỏe dinh dưỡng cho trẻ,https://nhasachphuongnam.com/vi/ba-me-em-be.html,CHĂM SÓC GIA ĐÌNH
Phụ nữ mang thai,https://tiki.vn/sach-thai-giao/c6138,CHĂM SÓC GIA ĐÌNH
Phụ nữ mang thai,https://www.fahasa.com/sach-trong-nuoc/nuoi-day-con/danh-cho-me-bau.html?order=num_orders&limit=24&p=1,CHĂM SÓC GIA ĐÌNH
THIẾU NHI ,,THIẾU NHI 
Truyện cổ tích - thần thoại – ngụ ngôn ,https://tiki.vn/truyen-co-tich-ngu-ngon/c10079,THIẾU NHI 
Truyện cổ tích - thần thoại – ngụ ngôn ,https://tiki.vn/truyen-ke-cho-be/c854,THIẾU NHI 
Truyện cổ tích - thần thoại – ngụ ngôn ,https://tiki.vn/truyen-co-tich/c1753,THIẾU NHI 
Truyện cổ tích - thần thoại – ngụ ngôn ,https://www.vinabook.com/c660/truyen-thieu-nhi/,THIẾU NHI 
Truyện cổ tích - thần thoại – ngụ ngôn ,https://www.vinabook.com/c536/co-tich-than-thoai/,THIẾU NHI 
Truyện cổ tích - thần thoại – ngụ ngôn ,https://www.vinabook.com/c658/truyen-thieu-nhi-1/,THIẾU NHI 
Truyện cổ tích - thần thoại – ngụ ngôn ,https://www.fahasa.com/sach-trong-nuoc/thieu-nhi/truyen-thieu-nhi.html?order=num_orders&limit=24&p=1,THIẾU NHI 
Truyện cổ tích - thần thoại – ngụ ngôn ,https://nhasachphuongnam.com/vi/truyen-co-tich-ngu-ngon.html,THIẾU NHI 
Bài học cuộc sống ,https://tiki.vn/bai-hoc-dao-duc/c852,THIẾU NHI 
Bài học cuộc sống ,https://www.fahasa.com/sach-trong-nuoc/thieu-nhi/kien-thuc-ky-nang-song-cho-tre.html?order=num_orders&limit=24&p=1,THIẾU NHI 
Văn học thiếu nhi ,https://tiki.vn/van-hoc-thieu-nhi/c1754,THIẾU NHI 
Văn học thiếu nhi ,https://nhasachphuongnam.com/vi/van-hoc-thieu-nhi.html,THIẾU NHI 
Văn học thiếu nhi ,https://bookbuy.vn/sach/van-hoc-thieu-nhi,THIẾU NHI 
Truyện tranh - manga – comic ,https://tiki.vn/truyen-tranh/c1084,THIẾU NHI 
Truyện tranh - manga – comic ,https://tiki.vn/truyen-tranh-thieu-nhi/c855,THIẾU NHI 
Truyện tranh - manga – comic ,https://tiki.vn/ehon-nhat-ban/c6040,THIẾU NHI 
Truyện tranh - manga – comic ,https://tiki.vn/tranh-truyen/c8973,THIẾU NHI 
Truyện tranh - manga – comic ,https://www.vinabook.com/c530/truyen-tranh/,THIẾU NHI 
Truyện tranh - manga – comic ,https://www.fahasa.com/sach-trong-nuoc/manga-comic.html?order=num_orders&limit=24&p=1,THIẾU NHI 
Truyện tranh - manga – comic ,https://nhasachphuongnam.com/vi/truyen-tranh-manga-comic.html,THIẾU NHI 
Truyện tranh - manga – comic ,https://bookbuy.vn/sach/truyen-tranh.html,THIẾU NHI 
Truyện tranh - manga – comic ,https://bookbuy.vn/sach/tranh-truyen,THIẾU NHI 
Tô màu – luyện chữ,https://tiki.vn/to-mau-luyen-chu/c856 ,THIẾU NHI 
Tô màu – luyện chữ,https://www.fahasa.com/sach-trong-nuoc/thieu-nhi/to-mau-luyen-chu.html?order=num_orders&limit=24&p=1,THIẾU NHI 
Tô màu – luyện chữ,https://bookbuy.vn/sach/sach-to-mau-cho-tre,THIẾU NHI 
Kỹ năng sống – phát triển EQ cho trẻ,https://bookbuy.vn/sach/ky-nang-song-eq,THIẾU NHI 
Phát triển IQ cho trẻ,https://bookbuy.vn/sach/phat-trien-tri-tue,THIẾU NHI 
Kiến thức khoa học tự nhiên cho trẻ,https://www.vinabook.com/c527/khoa-hoc-tu-nhien/,THIẾU NHI 
Kiến thức khoa học tự nhiên cho trẻ,https://www.fahasa.com/sach-trong-nuoc/thieu-nhi/kien-thuc-bach-khoa/kien-thuc-kho-hoc-tu-nhien.html?order=num_orders&limit=24&p=1,THIẾU NHI 
Kiến thức khoa học tự nhiên cho trẻ,https://www.fahasa.com/sach-trong-nuoc/thieu-nhi/tu-dien-thieu-nhi.html?order=num_orders&limit=24&p=1,THIẾU NHI 
Kiến thức khoa học tự nhiên cho trẻ,https://bookbuy.vn/sach/tre-kham-pha-the-gioi,THIẾU NHI 
Kiến thức khoa học xã hội cho trẻ,https://www.vinabook.com/c526/khoa-hoc-xa-hoi/,THIẾU NHI 
Câu chuyện danh nhân thế giới,https://www.fahasa.com/sach-trong-nuoc/thieu-nhi/kien-thuc-bach-khoa/cau-chuyen-danh-nhan-noi-tieng-the-gioi.html?order=num_orders&limit=24&p=1,THIẾU NHI 
Bách khoa tri thức,https://bookbuy.vn/sach/sach-bach-khoa-tri-thuc,THIẾU NHI 
Âm nhạc – Mỹ thuật cho trẻ,https://www.vinabook.com/c529/my-thuat-am-nhac/,THIẾU NHI 
Tiếng Anh thiếu nhi,https://www.vinabook.com/c528/sach-ngoai-ngu/,THIẾU NHI 
Tiếng Anh thiếu nhi,https://www.fahasa.com/sach-trong-nuoc/sach-hoc-ngoai-ngu/tieng-anh/tieng-anh-thieu-nhi.html?order=num_orders&limit=24&p=1,THIẾU NHI 
Tiếng Anh thiếu nhi,https://nhasachphuongnam.com/vi/tieng-anh-thieu-nhi.html,THIẾU NHI 
Trò chơi – đố vui,https://nhasachphuongnam.com/vi/tro-choi-giai-tri-do-vui-xep-hinh.html,THIẾU NHI 
Tạp chí thiếu nhi,https://www.fahasa.com/sach-trong-nuoc/thieu-nhi/tap-chi.html?order=num_orders&limit=24&p=1,THIẾU NHI 
TUỔI TEEN,,TUỔI TEEN
Văn học tuổi teen,https://nhasachphuongnam.com/vi/van-hoc-tuoi-moi-lon.html,TUỔI TEEN
Văn học tuổi teen,https://bookbuy.vn/sach/van-hoc-teen,TUỔI TEEN
Truyện tranh tuổi teen,https://nhasachphuongnam.com/vi/truyen-tranh.html,TUỔI TEEN
Truyện tranh tuổi teen,https://nhasachphuongnam.com/vi/van-hoc-tuoi-moi-lon.html,TUỔI TEEN
Sức khỏe – giới tính tuổi teen,https://bookbuy.vn/sach/suc-khoe-gioi-tinh,TUỔI TEEN
Tâm lý tuổi teen,https://bookbuy.vn/sach/tam-ly-tuoi-teen,TUỔI TEEN
Tâm lý tuổi teen,https://nhasachphuongnam.com/vi/tam-ly-gioi-tinh.html,TUỔI TEEN
Tâm lý tuổi teen,,TUỔI TEEN
Kiến thức tuổi teen,https://nhasachphuongnam.com/vi/kien-thuc-pho-thong.html,TUỔI TEEN
Kiến thức tuổi teen,https://nhasachphuongnam.com/vi/sach-tuoi-moi-lon-khac.html,TUỔI TEEN
Kiến thức tuổi teen,https://nhasachphuongnam.com/vi/day-nghe.html,TUỔI TEEN
Du học – hướng nghiệp,https://bookbuy.vn/sach/du-hoc-huong-nghiep,TUỔI TEEN
NHÂN VẬT - SỰ KIỆN ,https://tiki.vn/sach-danh-nhan/c858,NHÂN VẬT - SỰ KIỆN 
NHÂN VẬT - SỰ KIỆN ,https://www.vinabook.com/c370/danh-nhan/,NHÂN VẬT - SỰ KIỆN 
NHÂN VẬT - SỰ KIỆN ,https://www.fahasa.com/sach-trong-nuoc/chinh-tri-phap-ly-triet-hoc/nhan-vat-va-su-kien.html?order=num_orders&limit=24&p=1,NHÂN VẬT - SỰ KIỆN 
NHÂN VẬT - SỰ KIỆN ,https://www.fahasa.com/sach-trong-nuoc/tieu-su-hoi-ky/cau-chuyen-cuoc-doi.html?order=num_orders&limit=24&p=1,NHÂN VẬT - SỰ KIỆN 
NHÂN VẬT - SỰ KIỆN ,https://www.fahasa.com/sach-trong-nuoc/tieu-su-hoi-ky/chinh-tri.html?order=num_orders&limit=24&p=1,NHÂN VẬT - SỰ KIỆN 
NHÂN VẬT - SỰ KIỆN ,https://www.fahasa.com/sach-trong-nuoc/tieu-su-hoi-ky/kinh-te.html?order=num_orders&limit=24&p=1,NHÂN VẬT - SỰ KIỆN 
PHONG THỦY - KINH DỊCH,https://tiki.vn/sach-phong-thuy-kinh-dich/c867,PHONG THỦY - KINH DỊCH
PHONG THỦY - KINH DỊCH,https://www.fahasa.com/sach-trong-nuoc/phong-thuy-kinh-dich.html?order=num_orders&limit=24&p=1,PHONG THỦY - KINH DỊCH
PHONG THỦY - KINH DỊCH,https://nhasachphuongnam.com/vi/tam-linh-phong-thuy.html,PHONG THỦY - KINH DỊCH
PHONG THỦY - KINH DỊCH,https://bookbuy.vn/sach/sach-phong-thuy,PHONG THỦY - KINH DỊCH
TỬ VI - CHIÊM TINH,https://tiki.vn/sach-chiem-tinh-horoscope/c7671,TỬ VI - CHIÊM TINH
TỬ VI - CHIÊM TINH,https://bookbuy.vn/sach/sach-tu-vi-chiem-tinh,TỬ VI - CHIÊM TINH
NHÀ Ở - PET,,NHÀ Ở - PET
Cây – cá cảnh,https://www.vinabook.com/c534/cay-ca-canh/,NHÀ Ở - PET
Pet,https://www.vinabook.com/c533/vat-nuoi-trong-nha/,NHÀ Ở - PET
Nhà ở - nội thất,https://www.vinabook.com/c532/nha-o-noi-that/,NHÀ Ở - PET
Nhà ở - nội thất,https://nhasachphuongnam.com/vi/trang-tri-noi-that.html,NHÀ Ở - PET
TẠP CHÍ - CATALOGUE,https://tiki.vn/tap-chi-catalogue/c1468,TẠP CHÍ - CATALOGUE
TẠP CHÍ - CATALOGUE,https://www.fahasa.com/sach-trong-nuoc/bao-tap-chi.html?order=num_orders&limit=24&p=1,TẠP CHÍ - CATALOGUE
TẠP CHÍ - CATALOGUE,https://nhasachphuongnam.com/vi/tap-chi.html,TẠP CHÍ - CATALOGUE
TẠP CHÍ - CATALOGUE,,TẠP CHÍ - CATALOGUE
NGÀNH KHOA HỌC TỰ NHIÊN,,NGÀNH KHOA HỌC TỰ NHIÊN
Hóa học,https://www.vinabook.com/c437/hoa-hoc/,NGÀNH KHOA HỌC TỰ NHIÊN
Khảo cổ học,https://www.vinabook.com/c441/khao-co-hoc/,NGÀNH KHOA HỌC TỰ NHIÊN
Sinh học - Công nghệ sinh học,https://www.vinabook.com/c438/sinh-hoc/,NGÀNH KHOA HỌC TỰ NHIÊN
Thiên văn học,https://www.vinabook.com/c440/thien-van-hoc/,NGÀNH KHOA HỌC TỰ NHIÊN
Toán học,https://www.vinabook.com/c435/toan-hoc/,NGÀNH KHOA HỌC TỰ NHIÊN
Toán học,https://www.fahasa.com/sach-trong-nuoc/khoa-hoc-ky-thuat/toan-h-c.html?order=num_orders&limit=24&p=1,NGÀNH KHOA HỌC TỰ NHIÊN
Vật lý,https://www.vinabook.com/c436/vat-ly/,NGÀNH KHOA HỌC TỰ NHIÊN
Môi trường,https://www.fahasa.com/sach-trong-nuoc/khoa-hoc-ky-thuat/moi-truong-khoang-san-hoa-chat.html?order=num_orders&limit=24&p=1,NGÀNH KHOA HỌC TỰ NHIÊN
Môi trường,https://www.vinabook.com/c449/moi-truong/,NGÀNH KHOA HỌC TỰ NHIÊN
Môi trường,https://nhasachphuongnam.com/vi/moi-truong-moi-sinh.html,NGÀNH KHOA HỌC TỰ NHIÊN
Địa chất,https://www.vinabook.com/c439/dia-chat/,NGÀNH KHOA HỌC TỰ NHIÊN
Lĩnh vực khác,https://www.vinabook.com/c442/linh-vuc-khac/,NGÀNH KHOA HỌC TỰ NHIÊN
NGÀNH KHOA HỌC KỸ THUẬT – CÔNG NGHỆ,,NGÀNH KHOA HỌC KỸ THUẬT – CÔNG NGHỆ
Cầu đường,https://www.vinabook.com/c447/cau-duong/,NGÀNH KHOA HỌC KỸ THUẬT – CÔNG NGHỆ
Vận tải - Logistics,Nhập tay,NGÀNH KHOA HỌC KỸ THUẬT – CÔNG NGHỆ
Cơ khí - Chế tạo máy,https://www.vinabook.com/c445/co-khi-che-tao-may/,NGÀNH KHOA HỌC KỸ THUẬT – CÔNG NGHỆ
Cơ khí - Chế tạo máy,https://nhasachphuongnam.com/vi/co-khi-che-tao-may.html,NGÀNH KHOA HỌC KỸ THUẬT – CÔNG NGHỆ
Cơ khí - Chế tạo máy,https://www.vinabook.com/c450/o-to-xe-may/,NGÀNH KHOA HỌC KỸ THUẬT – CÔNG NGHỆ
Cơ khí - Chế tạo máy,https://www.fahasa.com/sach-trong-nuoc/khoa-hoc-ky-thuat/co-khi.html?order=num_orders&limit=24&p=1,NGÀNH KHOA HỌC KỸ THUẬT – CÔNG NGHỆ
Cơ khí - Chế tạo máy,https://bookbuy.vn/sach/giao-trinh-ky-thuat,NGÀNH KHOA HỌC KỸ THUẬT – CÔNG NGHỆ
Dầu khí,https://www.vinabook.com/c448/dau-khi/,NGÀNH KHOA HỌC KỸ THUẬT – CÔNG NGHỆ
Kỹ thuật Công nghệ,https://www.vinabook.com/c444/ky-thuat-cong-nghe/,NGÀNH KHOA HỌC KỸ THUẬT – CÔNG NGHỆ
Kỹ thuật Công nghệ,https://nhasachphuongnam.com/vi/ky-thuat-cong-nghe-vien-thong.html,NGÀNH KHOA HỌC KỸ THUẬT – CÔNG NGHỆ
Kỹ thuật Công nghệ,https://bookbuy.vn/sach/sach-cong-nghe,NGÀNH KHOA HỌC KỸ THUẬT – CÔNG NGHỆ
Khoa học vũ trụ,https://www.fahasa.com/sach-trong-nuoc/khoa-hoc-ky-thuat/khoa-hoc-vu-tru.html?order=num_orders&limit=24&p=1,NGÀNH KHOA HỌC KỸ THUẬT – CÔNG NGHỆ
Kiến trúc - Xây dựng,https://www.vinabook.com/c446/xay-dung/,NGÀNH KHOA HỌC KỸ THUẬT – CÔNG NGHỆ
Kiến trúc - Xây dựng,https://www.vinabook.com/c500/kien-truc/,NGÀNH KHOA HỌC KỸ THUẬT – CÔNG NGHỆ
Kiến trúc - Xây dựng,https://www.fahasa.com/sach-trong-nuoc/khoa-hoc-ky-thuat/kien-truc-xay-dung.html?order=num_orders&limit=24&p=1,NGÀNH KHOA HỌC KỸ THUẬT – CÔNG NGHỆ
Kiến trúc - Xây dựng,https://nhasachphuongnam.com/vi/kien-truc-xay-dung.html,NGÀNH KHOA HỌC KỸ THUẬT – CÔNG NGHỆ
Kiến trúc - Xây dựng,https://bookbuy.vn/sach/sach-kien-truc,NGÀNH KHOA HỌC KỸ THUẬT – CÔNG NGHỆ
"Điện, Điện tử, Tự động hóa",https://www.vinabook.com/c443/dien-dien-tu-tu-dong-hoa/,NGÀNH KHOA HỌC KỸ THUẬT – CÔNG NGHỆ
"Điện, Điện tử, Tự động hóa",https://www.fahasa.com/sach-trong-nuoc/khoa-hoc-ky-thuat/dien-dien-tu.html?order=num_orders&limit=24&p=1,NGÀNH KHOA HỌC KỸ THUẬT – CÔNG NGHỆ
"Điện, Điện tử, Tự động hóa",https://nhasachphuongnam.com/vi/dien-dien-tu-tu-dong-hoa.html,NGÀNH KHOA HỌC KỸ THUẬT – CÔNG NGHỆ
Trí tuệ nhân tạo,Tự nhập tay,NGÀNH KHOA HỌC KỸ THUẬT – CÔNG NGHỆ
Lĩnh vực KHKT khác,https://www.vinabook.com/c451/linh-vuc-khac-1/,NGÀNH KHOA HỌC KỸ THUẬT – CÔNG NGHỆ
Lĩnh vực KHKT khác,https://nhasachphuongnam.com/vi/khoa-hoc-pho-thong.html,NGÀNH KHOA HỌC KỸ THUẬT – CÔNG NGHỆ
Lĩnh vực KHKT khác,https://bookbuy.vn/sach/sach-khoa-hoc,NGÀNH KHOA HỌC KỸ THUẬT – CÔNG NGHỆ
NGÀNH KHOA HỌC XÃ HỘI VÀ NHÂN VĂN,,NGÀNH KHOA HỌC XÃ HỘI VÀ NHÂN VĂN
Chính trị,https://tiki.vn/ly-luan-chinh-tri/c6993,NGÀNH KHOA HỌC XÃ HỘI VÀ NHÂN VĂN
Chính trị,https://www.vinabook.com/c459/sach-chinh-tri/,NGÀNH KHOA HỌC XÃ HỘI VÀ NHÂN VĂN
Chính trị,https://www.fahasa.com/sach-trong-nuoc/chinh-tri-phap-ly-triet-hoc/tri-t-h-c-ly-lu-n-chinh-tr.html?order=num_orders&limit=24&p=1,NGÀNH KHOA HỌC XÃ HỘI VÀ NHÂN VĂN
Chính trị,https://nhasachphuongnam.com/vi/chinh-tri.html,NGÀNH KHOA HỌC XÃ HỘI VÀ NHÂN VĂN
Chính trị,https://bookbuy.vn/sach/sach-chinh-tri,NGÀNH KHOA HỌC XÃ HỘI VÀ NHÂN VĂN
Triết học phương Đông,https://www.vinabook.com/c460/triet-hoc-phuong-dong/,NGÀNH KHOA HỌC XÃ HỘI VÀ NHÂN VĂN
Triết học phương Đông,https://bookbuy.vn/sach/sach-triet-hoc-phuong-dong,NGÀNH KHOA HỌC XÃ HỘI VÀ NHÂN VĂN
Triết học phương Tây,https://www.vinabook.com/c461/triet-hoc-phuong-tay/,NGÀNH KHOA HỌC XÃ HỘI VÀ NHÂN VĂN
Triết học phương Tây,https://bookbuy.vn/sach/sach-triet-hoc-phuong-tay,NGÀNH KHOA HỌC XÃ HỘI VÀ NHÂN VĂN
Xã hội,https://nhasachphuongnam.com/vi/xa-hoi.html,NGÀNH KHOA HỌC XÃ HỘI VÀ NHÂN VĂN
Văn hóa,https://nhasachphuongnam.com/vi/van-hoa-viet-nam.html ,NGÀNH KHOA HỌC XÃ HỘI VÀ NHÂN VĂN
Văn hóa,https://nhasachphuongnam.com/vi/van-hoa-the-gioi.html,NGÀNH KHOA HỌC XÃ HỘI VÀ NHÂN VĂN
Văn hóa,https://tiki.vn/sach-phong-tuc-tap-quan/c6992,NGÀNH KHOA HỌC XÃ HỘI VÀ NHÂN VĂN
Văn hóa,https://bookbuy.vn/sach/sach-van-hoa,NGÀNH KHOA HỌC XÃ HỘI VÀ NHÂN VĂN
Danh nhân văn hóa,https://bookbuy.vn/sach/sach-danh-nhan,NGÀNH KHOA HỌC XÃ HỘI VÀ NHÂN VĂN
Danh nhân văn hóa,https://nhasachphuongnam.com/vi/danh-nhan-van-hoa-lich-su.html,NGÀNH KHOA HỌC XÃ HỘI VÀ NHÂN VĂN
Du lịch,https://tiki.vn/sach-dia-danh-du-lich/c859,NGÀNH KHOA HỌC XÃ HỘI VÀ NHÂN VĂN
Du lịch,https://www.vinabook.com/c365/du-lich-1/,NGÀNH KHOA HỌC XÃ HỘI VÀ NHÂN VĂN
Du lịch,https://www.fahasa.com/sach-trong-nuoc/van-hoa-nghe-thuat-du-lich.html?order=num_orders&limit=24&p=1,NGÀNH KHOA HỌC XÃ HỘI VÀ NHÂN VĂN
Du lịch,https://nhasachphuongnam.com/vi/du-lich-viet-nam.html,NGÀNH KHOA HỌC XÃ HỘI VÀ NHÂN VĂN
Du lịch,https://nhasachphuongnam.com/vi/du-lich-the-gioi.html,NGÀNH KHOA HỌC XÃ HỘI VÀ NHÂN VĂN
Du lịch,https://bookbuy.vn/sach/sach-du-lich,NGÀNH KHOA HỌC XÃ HỘI VÀ NHÂN VĂN
Nghiệp vụ báo chí,https://www.vinabook.com/c538/nghiep-vu-bao-chi/,NGÀNH KHOA HỌC XÃ HỘI VÀ NHÂN VĂN
Nghiệp vụ báo chí,https://nhasachphuongnam.com/vi/nghiep-vu-bao-chi.html,NGÀNH KHOA HỌC XÃ HỘI VÀ NHÂN VĂN
Nghiệp vụ báo chí,https://bookbuy.vn/sach/bao-chi-bien-kich,NGÀNH KHOA HỌC XÃ HỘI VÀ NHÂN VĂN
khoa học và xã hội,https://www.vinabook.com/c537/khoa-hoc-tu-nhien-xa-hoi/,NGÀNH KHOA HỌC XÃ HỘI VÀ NHÂN VĂN
Sư phạm - Giáo dục,https://tiki.vn/sach-giao-duc/c877,NGÀNH KHOA HỌC XÃ HỘI VÀ NHÂN VĂN
Sư phạm - Giáo dục,https://www.fahasa.com/sach-trong-nuoc/khoa-hoc-ky-thuat/giao-duc.html?order=num_orders&limit=24&p=1,NGÀNH KHOA HỌC XÃ HỘI VÀ NHÂN VĂN
Sư phạm - Giáo dục,https://bookbuy.vn/sach/sach-giao-duc,NGÀNH KHOA HỌC XÃ HỘI VÀ NHÂN VĂN
Tâm lý học,https://bookbuy.vn/sach/sach-tam-ly,NGÀNH KHOA HỌC XÃ HỘI VÀ NHÂN VĂN
Lịch sử - Địa lý,,NGÀNH KHOA HỌC XÃ HỘI VÀ NHÂN VĂN
- Châu Á,https://www.vinabook.com/c469/chau-a/,NGÀNH KHOA HỌC XÃ HỘI VÀ NHÂN VĂN
- Châu Á,https://www.vinabook.com/c465/trung-quoc/,NGÀNH KHOA HỌC XÃ HỘI VÀ NHÂN VĂN
- Châu Âu,https://www.vinabook.com/c467/chau-au/,NGÀNH KHOA HỌC XÃ HỘI VÀ NHÂN VĂN
- Châu Mỹ,https://www.vinabook.com/c468/chau-my/,NGÀNH KHOA HỌC XÃ HỘI VÀ NHÂN VĂN
- Châu Phi,https://www.vinabook.com/c470/chau-phi/,NGÀNH KHOA HỌC XÃ HỘI VÀ NHÂN VĂN
- Thế Giới,https://tiki.vn/lich-su-the-gioi/c9725,NGÀNH KHOA HỌC XÃ HỘI VÀ NHÂN VĂN
- Thế Giới,https://www.vinabook.com/c464/the-gioi-1/,NGÀNH KHOA HỌC XÃ HỘI VÀ NHÂN VĂN
- Thế Giới,https://nhasachphuongnam.com/vi/lich-su-the-gioi.html,NGÀNH KHOA HỌC XÃ HỘI VÀ NHÂN VĂN
- Thế Giới,https://nhasachphuongnam.com/vi/dia-ly-the-gioi.html,NGÀNH KHOA HỌC XÃ HỘI VÀ NHÂN VĂN
- Trung Đông,https://www.vinabook.com/c466/trung-dong/,NGÀNH KHOA HỌC XÃ HỘI VÀ NHÂN VĂN
- Việt Nam,https://tiki.vn/lich-su-viet-nam/c9724,NGÀNH KHOA HỌC XÃ HỘI VÀ NHÂN VĂN
- Việt Nam,https://www.vinabook.com/c462/viet-nam/,NGÀNH KHOA HỌC XÃ HỘI VÀ NHÂN VĂN
- Việt Nam,https://nhasachphuongnam.com/vi/lich-su-viet-nam.html,NGÀNH KHOA HỌC XÃ HỘI VÀ NHÂN VĂN
- Việt Nam,https://nhasachphuongnam.com/vi/dia-ly-viet-nam.html,NGÀNH KHOA HỌC XÃ HỘI VÀ NHÂN VĂN
Tôn giáo,,NGÀNH KHOA HỌC XÃ HỘI VÀ NHÂN VĂN
- Hồi giáo,https://www.vinabook.com/c473/hoi-giao/,NGÀNH KHOA HỌC XÃ HỘI VÀ NHÂN VĂN
- Hồi giáo,https://bookbuy.vn/sach/sach-hoi-giao,NGÀNH KHOA HỌC XÃ HỘI VÀ NHÂN VĂN
- Phật giáo,https://www.vinabook.com/c472/phat-giao/,NGÀNH KHOA HỌC XÃ HỘI VÀ NHÂN VĂN
- Phật giáo,https://nhasachphuongnam.com/vi/phat-giao.html,NGÀNH KHOA HỌC XÃ HỘI VÀ NHÂN VĂN
- Phật giáo,https://bookbuy.vn/sach/sach-phat-giao,NGÀNH KHOA HỌC XÃ HỘI VÀ NHÂN VĂN
- Thiên chúa giáo,https://www.vinabook.com/c471/thien-chua-giao/,NGÀNH KHOA HỌC XÃ HỘI VÀ NHÂN VĂN
- Thiên chúa giáo,https://nhasachphuongnam.com/vi/thien-chua-giao.html,NGÀNH KHOA HỌC XÃ HỘI VÀ NHÂN VĂN
- Thiên chúa giáo,https://bookbuy.vn/sach/sach-thien-chua,NGÀNH KHOA HỌC XÃ HỘI VÀ NHÂN VĂN
- Kiến thức tôn giáo,https://tiki.vn/ton-giao-tam-linh/c861,NGÀNH KHOA HỌC XÃ HỘI VÀ NHÂN VĂN
- Tôn giáo khác,https://www.vinabook.com/c474/ton-giao-khac/,NGÀNH KHOA HỌC XÃ HỘI VÀ NHÂN VĂN
- Tôn giáo khác,https://nhasachphuongnam.com/vi/ton-giao-khac.html,NGÀNH KHOA HỌC XÃ HỘI VÀ NHÂN VĂN
- Tôn giáo khác,https://bookbuy.vn/sach/sach-ton-giao-khac,NGÀNH KHOA HỌC XÃ HỘI VÀ NHÂN VĂN
NGÀNH PHÁP LUẬT – THUẾ,,NGÀNH PHÁP LUẬT – THUẾ
Luật Dân sự,https://nhasachphuongnam.com/vi/luat-dan-su.html,NGÀNH PHÁP LUẬT – THUẾ
Luật Hình sự,https://nhasachphuongnam.com/vi/luat-hinh-su.html,NGÀNH PHÁP LUẬT – THUẾ
Luật Doanh nghiệp – thương mại,https://www.vinabook.com/c388/luat-doanh-nghiep/,NGÀNH PHÁP LUẬT – THUẾ
Luật Doanh nghiệp – thương mại,https://nhasachphuongnam.com/vi/luat-doanh-nghiep-thuong-mai.html,NGÀNH PHÁP LUẬT – THUẾ
Luật Lao động và tiền lương,https://www.vinabook.com/c390/luat-lao-dong-tien-luong/,NGÀNH PHÁP LUẬT – THUẾ
Luật Lao động và tiền lương,https://nhasachphuongnam.com/vi/luat-lao-dong.html,NGÀNH PHÁP LUẬT – THUẾ
Luật Lao động và tiền lương,https://bookbuy.vn/sach/lua-tlao-dong-tien-luong,NGÀNH PHÁP LUẬT – THUẾ
Luật Quốc tế,https://www.vinabook.com/c392/luat-quoc-te/,NGÀNH PHÁP LUẬT – THUẾ
Luật Quốc tế,https://bookbuy.vn/sach/sach-luat-quoc-te,NGÀNH PHÁP LUẬT – THUẾ
Luật Thương mại,https://www.vinabook.com/c389/luat-thuong-mai/,NGÀNH PHÁP LUẬT – THUẾ
Luật Thương mại,https://bookbuy.vn/sach/sach-%20luat-thuong-mai,NGÀNH PHÁP LUẬT – THUẾ
"Luật Đất đai, nhà ở",https://www.vinabook.com/c391/luat-dat-dai-nha-o/,NGÀNH PHÁP LUẬT – THUẾ
"Luật Đất đai, nhà ở",https://bookbuy.vn/sach/sach-luat-dat-dai,NGÀNH PHÁP LUẬT – THUẾ
Thuế,https://nhasachphuongnam.com/vi/thue.html,NGÀNH PHÁP LUẬT – THUẾ
Thuế,https://bookbuy.vn/sach/sach-thue,NGÀNH PHÁP LUẬT – THUẾ
Văn bản luật,https://www.vinabook.com/c386/van-ban-luat/,NGÀNH PHÁP LUẬT – THUẾ
Các bộ luật khác,https://www.vinabook.com/c393/cac-bo-luat-khac/,NGÀNH PHÁP LUẬT – THUẾ
Các bộ luật khác,https://nhasachphuongnam.com/vi/tham-khao-phap-luat.html,NGÀNH PHÁP LUẬT – THUẾ
NGÀNH NGHỆ THUẬT,,NGÀNH NGHỆ THUẬT
Âm nhạc,https://www.vinabook.com/c368/am-nhac-1/,NGÀNH NGHỆ THUẬT
Âm nhạc,https://www.fahasa.com/sach-trong-nuoc/am-nhac-my-thuat-thoi-trang/am-nhac.html?order=num_orders&limit=24&p=1,NGÀNH NGHỆ THUẬT
Âm nhạc,https://bookbuy.vn/sach/sach-am-nhac,NGÀNH NGHỆ THUẬT
Âm nhạc,https://tiki.vn/am-nhac/c9727,NGÀNH NGHỆ THUẬT
Âm nhạc,https://bookbuy.vn/sach/sach-am-nhac,NGÀNH NGHỆ THUẬT
Sân khấu - Điện ảnh ,https://www.vinabook.com/c496/san-khau-dien-anh/,NGÀNH NGHỆ THUẬT
Sân khấu - Điện ảnh ,https://www.fahasa.com/sach-trong-nuoc/tieu-su-hoi-ky/nghe-thua-giai-tri.html?order=num_orders&limit=24&p=1,NGÀNH NGHỆ THUẬT
Sân khấu - Điện ảnh ,https://bookbuy.vn/sach/sach-san-khau-dien-anh,NGÀNH NGHỆ THUẬT
Mỹ thuật – hội họa ,https://www.fahasa.com/sach-trong-nuoc/am-nhac-my-thuat-thoi-trang/my-thuat.html?order=num_orders&limit=24&p=1,NGÀNH NGHỆ THUẬT
Mỹ thuật – hội họa ,https://bookbuy.vn/sach/sach-my-thuat,NGÀNH NGHỆ THUẬT
Mỹ thuật – hội họa ,https://bookbuy.vn/sach/sach-day-ve,NGÀNH NGHỆ THUẬT
Mỹ thuật – hội họa ,https://www.vinabook.com/c499/hoi-hoa/,NGÀNH NGHỆ THUẬT
Mỹ thuật – hội họa ,https://www.vinabook.com/c501/cac-loai-hinh-my-thuat-khac/,NGÀNH NGHỆ THUẬT
Mỹ thuật – hội họa ,https://tiki.vn/my-thuat-kien-truc/c9728,NGÀNH NGHỆ THUẬT
Mỹ thuật – hội họa ,https://nhasachphuongnam.com/vi/thiet-ke-my-thuat.html ,NGÀNH NGHỆ THUẬT
Thời trang – may - thêu,https://www.vinabook.com/c498/thoi-trang/,NGÀNH NGHỆ THUẬT
Thời trang – may - thêu,https://www.fahasa.com/sach-trong-nuoc/am-nhac-my-thuat-thoi-trang/thoi-trang.html?order=num_orders&limit=24&p=1,NGÀNH NGHỆ THUẬT
Thời trang – may - thêu,https://tiki.vn/may-theu-thoi-trang/c6989,NGÀNH NGHỆ THUẬT
Thủ công – tạo hình,https://www.fahasa.com/sach-trong-nuoc/am-nhac-my-thuat-thoi-trang/thu-cong.html?order=num_orders&limit=24&p=1,NGÀNH NGHỆ THUẬT
Nhiếp ảnh – sách ảnh,https://www.vinabook.com/c497/nhiep-anhsach-anh/,NGÀNH NGHỆ THUẬT
Nhiếp ảnh – sách ảnh,https://tiki.vn/sach-anh/c26902,NGÀNH NGHỆ THUẬT
Nhiếp ảnh – sách ảnh,https://bookbuy.vn/sach/sach-nhiep-anh,NGÀNH NGHỆ THUẬT
Sách tô màu cho người lớn,https://bookbuy.vn/sach/sach-to-mau-danh-cho-nguoi-lon,NGÀNH NGHỆ THUẬT
Nghệ thuật khác,https://bookbuy.vn/sach/sach-nghe-thuat,NGÀNH NGHỆ THUẬT
NGÀNH CÔNG NGHỆ - THÔNG TIN,,NGÀNH CÔNG NGHỆ - THÔNG TIN
Cơ sở dữ liệu,https://www.vinabook.com/c399/co-so-du-lieu/,NGÀNH CÔNG NGHỆ - THÔNG TIN
Cơ sở dữ liệu,https://nhasachphuongnam.com/vi/co-so-du-lieu.html,NGÀNH CÔNG NGHỆ - THÔNG TIN
Hệ điều hành,https://www.vinabook.com/c400/he-dieu-hanh/,NGÀNH CÔNG NGHỆ - THÔNG TIN
Hệ điều hành,https://nhasachphuongnam.com/vi/he-dieu-hanh.html,NGÀNH CÔNG NGHỆ - THÔNG TIN
Hệ điều hành,https://bookbuy.vn/sach/sach-tin-hoc-he-dieu-hanh,NGÀNH CÔNG NGHỆ - THÔNG TIN
Internet - mạng,https://www.vinabook.com/c398/internet-mang/,NGÀNH CÔNG NGHỆ - THÔNG TIN
Internet - mạng,https://nhasachphuongnam.com/vi/internet-mang-web.html,NGÀNH CÔNG NGHỆ - THÔNG TIN
Internet - mạng,https://bookbuy.vn/sach/th-internet,NGÀNH CÔNG NGHỆ - THÔNG TIN
Lập trình - Phần mềm ứng dụng,https://tiki.vn/lap-trinh/c9723,NGÀNH CÔNG NGHỆ - THÔNG TIN
Lập trình - Phần mềm ứng dụng,https://www.vinabook.com/c397/lap-trinh-phan-mem-ung-dung/,NGÀNH CÔNG NGHỆ - THÔNG TIN
Lập trình - Phần mềm ứng dụng,https://nhasachphuongnam.com/vi/lap-trinh.html,NGÀNH CÔNG NGHỆ - THÔNG TIN
Lập trình - Phần mềm ứng dụng,https://bookbuy.vn/sach/th-lap-trinh,NGÀNH CÔNG NGHỆ - THÔNG TIN
Lập trình web, https://www.vinabook.com/c396/lap-trinh-web/,NGÀNH CÔNG NGHỆ - THÔNG TIN
Lập trình web,https://bookbuy.vn/sach/th-lap-trinh-web,NGÀNH CÔNG NGHỆ - THÔNG TIN
Phần cứng,https://www.vinabook.com/c401/phan-cung/,NGÀNH CÔNG NGHỆ - THÔNG TIN
Phần cứng,https://nhasachphuongnam.com/vi/phan-cung.html,NGÀNH CÔNG NGHỆ - THÔNG TIN
Phần cứng,https://bookbuy.vn/sach/sach-tin-hoc-phan-cung,NGÀNH CÔNG NGHỆ - THÔNG TIN
Tin học cơ bản,https://www.vinabook.com/c394/tin-hoc-co-ban/,NGÀNH CÔNG NGHỆ - THÔNG TIN
Tin học cơ bản,https://nhasachphuongnam.com/vi/tin-hoc-can-ban-ly-thuyet.html,NGÀNH CÔNG NGHỆ - THÔNG TIN
Tin học cơ bản,https://bookbuy.vn/sach/sach-tin-hoc-co-ban,NGÀNH CÔNG NGHỆ - THÔNG TIN
Tin học văn phòng,https://tiki.vn/tin-hoc-van-phong/c9721,NGÀNH CÔNG NGHỆ - THÔNG TIN
Tin học văn phòng,https://www.vinabook.com/c395/tin-hoc-van-phong/,NGÀNH CÔNG NGHỆ - THÔNG TIN
Tin học văn phòng,https://nhasachphuongnam.com/vi/tin-hoc-van-phong-ung-dung.html,NGÀNH CÔNG NGHỆ - THÔNG TIN
Tin học văn phòng,https://bookbuy.vn/sach/th-van-phong,NGÀNH CÔNG NGHỆ - THÔNG TIN
Thiết kế - đồ họa – âm thanh,https://tiki.vn/thiet-ke-do-hoa/c9722,NGÀNH CÔNG NGHỆ - THÔNG TIN
Thiết kế - đồ họa – âm thanh,https://www.vinabook.com/c402/do-hoa/,NGÀNH CÔNG NGHỆ - THÔNG TIN
Thiết kế - đồ họa – âm thanh,https://nhasachphuongnam.com/vi/do-hoa-am-thanh.html,NGÀNH CÔNG NGHỆ - THÔNG TIN
Thiết kế - đồ họa – âm thanh,https://bookbuy.vn/sach/sach-tin-hoc-do-hoa,NGÀNH CÔNG NGHỆ - THÔNG TIN
Sách tin học bằng ngoại ngữ,https://www.vinabook.com/c403/sach-tin-hoc-bang-ngoai-ngu/,NGÀNH CÔNG NGHỆ - THÔNG TIN
NGÀNH Y HỌC,,NGÀNH Y HỌC
Từ điển y học,https://nhasachphuongnam.com/vi/tu-dien-chuyen-nganh.html,NGÀNH Y HỌC
Nhi khoa,https://www.vinabook.com/c482/nhi-khoa/,NGÀNH Y HỌC
Nội khoa,https://www.vinabook.com/c481/noi-khoa/,NGÀNH Y HỌC
Sản khoa,https://www.vinabook.com/c483/san-khoa/,NGÀNH Y HỌC
Y học Cổ truyền,https://www.vinabook.com/c485/y-hoc-co-truyen/,NGÀNH Y HỌC
Y học Cổ truyền,https://nhasachphuongnam.com/vi/y-hoc-co-truyen.html,NGÀNH Y HỌC
Y học Cổ truyền,https://bookbuy.vn/sach/sach-y-hoc-co-truyen,NGÀNH Y HỌC
Y học thường thức,https://www.vinabook.com/c480/y-hoc-thuong-thuc/,NGÀNH Y HỌC
Y học thường thức,https://nhasachphuongnam.com/vi/y-hoc-thuong-thuc.html,NGÀNH Y HỌC
Kiến thức y học tổng hợp,https://www.fahasa.com/sach-trong-nuoc/khoa-hoc-ky-thuat/y-hoc.html?order=num_orders&limit=24&p=2,NGÀNH Y HỌC
Kiến thức y học tổng hợp,https://www.vinabook.com/c484/cac-khoa-khac/,NGÀNH Y HỌC
Kiến thức y học tổng hợp,https://nhasachphuongnam.com/vi/sach-y-hoc-khac.html,NGÀNH Y HỌC
Kiến thức y học tổng hợp,https://bookbuy.vn/sach/sach-y-hoc,NGÀNH Y HỌC
NGÀNH NÔNG - LÂM - NGƯ NGHIỆP,,NGÀNH NÔNG - LÂM - NGƯ NGHIỆP
Chăn nuôi – Thú ý,https://www.vinabook.com/c487/chan-nuoi/,NGÀNH NÔNG - LÂM - NGƯ NGHIỆP
Chăn nuôi – Thú ý,https://nhasachphuongnam.com/vi/chan-nuoi-thu-y.html,NGÀNH NÔNG - LÂM - NGƯ NGHIỆP
Lâm nghiệp,https://www.vinabook.com/c488/lam-nghiep/,NGÀNH NÔNG - LÂM - NGƯ NGHIỆP
Trồng trọt,https://www.vinabook.com/c486/trong-trot/,NGÀNH NÔNG - LÂM - NGƯ NGHIỆP
Trồng trọt,https://nhasachphuongnam.com/vi/trong-trot.html,NGÀNH NÔNG - LÂM - NGƯ NGHIỆP
NGÀNH THỂ DỤC – THỂ THAO,,NGÀNH THỂ DỤC – THỂ THAO
Bóng đá,https://www.vinabook.com/c493/bong-da/,NGÀNH THỂ DỤC – THỂ THAO
Bóng đá,https://bookbuy.vn/sach/sach-bong-da,NGÀNH THỂ DỤC – THỂ THAO
Chơi cờ,https://www.vinabook.com/c495/co-vua-co-tuong/,NGÀNH THỂ DỤC – THỂ THAO
Chơi cờ,https://nhasachphuongnam.com/vi/cac-loai-co.html ,NGÀNH THỂ DỤC – THỂ THAO
Chơi cờ,https://bookbuy.vn/sach/sach-cac-mon-co,NGÀNH THỂ DỤC – THỂ THAO
Thể dục – yoga – thiền,https://www.vinabook.com/c491/the-ducyogathien/,NGÀNH THỂ DỤC – THỂ THAO
Thể dục – yoga – thiền,https://nhasachphuongnam.com/vi/yoga-thien.html,NGÀNH THỂ DỤC – THỂ THAO
Thể dục – yoga – thiền,https://bookbuy.vn/sach/sach-thien,NGÀNH THỂ DỤC – THỂ THAO
Võ thuật,https://www.vinabook.com/c492/vo-thuat/,NGÀNH THỂ DỤC – THỂ THAO
Võ thuật,https://bookbuy.vn/sach/sach-vo-thuat,NGÀNH THỂ DỤC – THỂ THAO
Nhân vật thể thao,https://www.fahasa.com/sach-trong-nuoc/tieu-su-hoi-ky/the-thao.html?order=num_orders&limit=24&p=1,NGÀNH THỂ DỤC – THỂ THAO
Các môn thể thao khác,https://www.vinabook.com/c494/cac-mon-the-thao-khac/,NGÀNH THỂ DỤC – THỂ THAO
Các môn thể thao khác,https://bookbuy.vn/sach/sach--the-thao-khac,NGÀNH THỂ DỤC – THỂ THAO
ĐẢNG - ĐOÀN - HỘI,https://www.fahasa.com/sach-trong-nuoc/chinh-tri-phap-ly-triet-hoc/doi-doan-dang.html?order=num_orders&limit=24&p=1,ĐẢNG - ĐOÀN - HỘI
ĐẢNG - ĐOÀN - HỘI,https://www.fahasa.com/sach-trong-nuoc/chinh-tri-phap-ly-triet-hoc/van-kien.html?order=num_orders&limit=24&p=1,ĐẢNG - ĐOÀN - HỘI
FOREIGN BOOKS ,https://www.fahasa.com/foreigncategory.html,FOREIGN BOOKS 